event_id,source,market,selection,price,quote_timestamp,precision,origin,capital_eligible
28202626,betfair-historic-basic-mirror,MATCH_ODDS,HOME,14.5,2017-04-30T11:10:52.099Z,EXACT_TIMESTAMP,SOURCE_TIMESTAMP,false
28202626,betfair-historic-basic-mirror,MATCH_ODDS,DRAW,6.4,2017-04-30T11:10:52.099Z,EXACT_TIMESTAMP,SOURCE_TIMESTAMP,false
28202626,betfair-historic-basic-mirror,MATCH_ODDS,AWAY,1.31,2017-04-30T11:10:52.099Z,EXACT_TIMESTAMP,SOURCE_TIMESTAMP,false
kaggle-ah-2591088,kaggle-realsingwong-ah,ASIAN_HANDICAP,HOME,,2025-01-04T22:59:45.000Z,EXACT_TIMESTAMP,SOURCE_TIMESTAMP,false
kaggle-ah-2591089,kaggle-realsingwong-ah,ASIAN_HANDICAP,HOME,,2025-01-04T22:59:57.000Z,EXACT_TIMESTAMP,SOURCE_TIMESTAMP,false
kaggle-ah-2591090,kaggle-realsingwong-ah,ASIAN_HANDICAP,HOME,,2025-01-05T01:29:57.000Z,EXACT_TIMESTAMP,SOURCE_TIMESTAMP,false
kaggle-ah-2591091,kaggle-realsingwong-ah,ASIAN_HANDICAP,HOME,,2025-01-04T22:59:29.000Z,EXACT_TIMESTAMP,SOURCE_TIMESTAMP,false
kaggle-ah-2591092,kaggle-realsingwong-ah,ASIAN_HANDICAP,HOME,,2025-01-05T21:59:53.000Z,EXACT_TIMESTAMP,SOURCE_TIMESTAMP,false
kaggle-ah-2591093,kaggle-realsingwong-ah,ASIAN_HANDICAP,HOME,,2025-01-06T00:29:59.000Z,EXACT_TIMESTAMP,SOURCE_TIMESTAMP,false
kaggle-ah-2591094,kaggle-realsingwong-ah,ASIAN_HANDICAP,HOME,,2025-01-04T22:59:58.000Z,EXACT_TIMESTAMP,SOURCE_TIMESTAMP,false
kaggle-ah-2591095,kaggle-realsingwong-ah,ASIAN_HANDICAP,HOME,,2025-01-04T22:59:58.000Z,EXACT_TIMESTAMP,SOURCE_TIMESTAMP,false
kaggle-ah-2591096,kaggle-realsingwong-ah,ASIAN_HANDICAP,HOME,,2025-01-04T20:29:57.000Z,EXACT_TIMESTAMP,SOURCE_TIMESTAMP,false
kaggle-ah-2591097,kaggle-realsingwong-ah,ASIAN_HANDICAP,HOME,,2025-01-07T03:59:51.000Z,EXACT_TIMESTAMP,SOURCE_TIMESTAMP,false
kaggle-ah-2591098,kaggle-realsingwong-ah,ASIAN_HANDICAP,HOME,,2025-01-16T03:59:47.000Z,EXACT_TIMESTAMP,SOURCE_TIMESTAMP,false
kaggle-ah-2591099,kaggle-realsingwong-ah,ASIAN_HANDICAP,HOME,,2025-01-15T03:29:34.000Z,EXACT_TIMESTAMP,SOURCE_TIMESTAMP,false
kaggle-ah-2591100,kaggle-realsingwong-ah,ASIAN_HANDICAP,HOME,,2025-01-16T03:29:59.000Z,EXACT_TIMESTAMP,SOURCE_TIMESTAMP,false
kaggle-ah-2591101,kaggle-realsingwong-ah,ASIAN_HANDICAP,HOME,,2025-01-17T03:29:25.000Z,EXACT_TIMESTAMP,SOURCE_TIMESTAMP,false
kaggle-ah-2591102,kaggle-realsingwong-ah,ASIAN_HANDICAP,HOME,,2025-01-16T03:29:59.000Z,EXACT_TIMESTAMP,SOURCE_TIMESTAMP,false
kaggle-ah-2591103,kaggle-realsingwong-ah,ASIAN_HANDICAP,HOME,,2025-01-15T03:59:58.000Z,EXACT_TIMESTAMP,SOURCE_TIMESTAMP,false
kaggle-ah-2591104,kaggle-realsingwong-ah,ASIAN_HANDICAP,HOME,,2025-01-15T03:29:34.000Z,EXACT_TIMESTAMP,SOURCE_TIMESTAMP,false
kaggle-ah-2591105,kaggle-realsingwong-ah,ASIAN_HANDICAP,HOME,,2025-01-15T03:29:51.000Z,EXACT_TIMESTAMP,SOURCE_TIMESTAMP,false
kaggle-ah-2591106,kaggle-realsingwong-ah,ASIAN_HANDICAP,HOME,,2025-01-16T03:29:56.000Z,EXACT_TIMESTAMP,SOURCE_TIMESTAMP,false
kaggle-ah-2591107,kaggle-realsingwong-ah,ASIAN_HANDICAP,HOME,,2025-01-17T03:59:57.000Z,EXACT_TIMESTAMP,SOURCE_TIMESTAMP,false
kaggle-ah-2591108,kaggle-realsingwong-ah,ASIAN_HANDICAP,HOME,,2025-01-19T01:29:53.000Z,EXACT_TIMESTAMP,SOURCE_TIMESTAMP,false
kaggle-ah-2591109,kaggle-realsingwong-ah,ASIAN_HANDICAP,HOME,,2025-01-18T22:59:42.000Z,EXACT_TIMESTAMP,SOURCE_TIMESTAMP,false
kaggle-ah-2591110,kaggle-realsingwong-ah,ASIAN_HANDICAP,HOME,,2025-01-21T03:59:46.000Z,EXACT_TIMESTAMP,SOURCE_TIMESTAMP,false
kaggle-ah-2591111,kaggle-realsingwong-ah,ASIAN_HANDICAP,HOME,,2025-01-19T21:59:51.000Z,EXACT_TIMESTAMP,SOURCE_TIMESTAMP,false
kaggle-ah-2591112,kaggle-realsingwong-ah,ASIAN_HANDICAP,HOME,,2025-01-20T00:29:46.000Z,EXACT_TIMESTAMP,SOURCE_TIMESTAMP,false
kaggle-ah-2591113,kaggle-realsingwong-ah,ASIAN_HANDICAP,HOME,,2025-01-18T22:59:38.000Z,EXACT_TIMESTAMP,SOURCE_TIMESTAMP,false
kaggle-ah-2591114,kaggle-realsingwong-ah,ASIAN_HANDICAP,HOME,,2025-01-19T21:59:58.000Z,EXACT_TIMESTAMP,SOURCE_TIMESTAMP,false
kaggle-ah-2591115,kaggle-realsingwong-ah,ASIAN_HANDICAP,HOME,,2025-01-18T20:29:51.000Z,EXACT_TIMESTAMP,SOURCE_TIMESTAMP,false
kaggle-ah-2591116,kaggle-realsingwong-ah,ASIAN_HANDICAP,HOME,,2025-01-19T21:59:52.000Z,EXACT_TIMESTAMP,SOURCE_TIMESTAMP,false
kaggle-ah-2591117,kaggle-realsingwong-ah,ASIAN_HANDICAP,HOME,,2025-01-18T22:59:48.000Z,EXACT_TIMESTAMP,SOURCE_TIMESTAMP,false
kaggle-ah-2596801,kaggle-realsingwong-ah,ASIAN_HANDICAP,HOME,,2025-01-19T01:29:52.000Z,EXACT_TIMESTAMP,SOURCE_TIMESTAMP,false
kaggle-ah-2596802,kaggle-realsingwong-ah,ASIAN_HANDICAP,HOME,,2025-01-19T20:59:46.000Z,EXACT_TIMESTAMP,SOURCE_TIMESTAMP,false
kaggle-ah-2596803,kaggle-realsingwong-ah,ASIAN_HANDICAP,HOME,,2025-01-19T03:59:40.000Z,EXACT_TIMESTAMP,SOURCE_TIMESTAMP,false
kaggle-ah-2596804,kaggle-realsingwong-ah,ASIAN_HANDICAP,HOME,,2025-01-18T20:59:42.000Z,EXACT_TIMESTAMP,SOURCE_TIMESTAMP,false
kaggle-ah-2596805,kaggle-realsingwong-ah,ASIAN_HANDICAP,HOME,,2025-01-18T23:14:50.000Z,EXACT_TIMESTAMP,SOURCE_TIMESTAMP,false
kaggle-ah-2596806,kaggle-realsingwong-ah,ASIAN_HANDICAP,HOME,,2025-01-20T01:29:49.000Z,EXACT_TIMESTAMP,SOURCE_TIMESTAMP,false
kaggle-ah-2596807,kaggle-realsingwong-ah,ASIAN_HANDICAP,HOME,,2025-01-19T23:14:53.000Z,EXACT_TIMESTAMP,SOURCE_TIMESTAMP,false
kaggle-ah-2596808,kaggle-realsingwong-ah,ASIAN_HANDICAP,HOME,,2025-01-20T03:59:57.000Z,EXACT_TIMESTAMP,SOURCE_TIMESTAMP,false
kaggle-ah-2596809,kaggle-realsingwong-ah,ASIAN_HANDICAP,HOME,,2025-01-21T03:59:59.000Z,EXACT_TIMESTAMP,SOURCE_TIMESTAMP,false
kaggle-ah-2596810,kaggle-realsingwong-ah,ASIAN_HANDICAP,HOME,,2025-01-18T03:59:38.000Z,EXACT_TIMESTAMP,SOURCE_TIMESTAMP,false
kaggle-ah-2596811,kaggle-realsingwong-ah,ASIAN_HANDICAP,HOME,,2025-01-28T03:59:59.000Z,EXACT_TIMESTAMP,SOURCE_TIMESTAMP,false
kaggle-ah-2596812,kaggle-realsingwong-ah,ASIAN_HANDICAP,HOME,,2025-01-27T01:29:51.000Z,EXACT_TIMESTAMP,SOURCE_TIMESTAMP,false
kaggle-ah-2596813,kaggle-realsingwong-ah,ASIAN_HANDICAP,HOME,,2025-01-25T23:14:56.000Z,EXACT_TIMESTAMP,SOURCE_TIMESTAMP,false
kaggle-ah-2596814,kaggle-realsingwong-ah,ASIAN_HANDICAP,HOME,,2025-01-27T03:59:56.000Z,EXACT_TIMESTAMP,SOURCE_TIMESTAMP,false
kaggle-ah-2596815,kaggle-realsingwong-ah,ASIAN_HANDICAP,HOME,,2025-01-25T03:59:56.000Z,EXACT_TIMESTAMP,SOURCE_TIMESTAMP,false
kaggle-ah-2596816,kaggle-realsingwong-ah,ASIAN_HANDICAP,HOME,,2025-01-25T20:59:55.000Z,EXACT_TIMESTAMP,SOURCE_TIMESTAMP,false
kaggle-ah-2596817,kaggle-realsingwong-ah,ASIAN_HANDICAP,HOME,,2025-01-26T20:59:54.000Z,EXACT_TIMESTAMP,SOURCE_TIMESTAMP,false
kaggle-ah-2596818,kaggle-realsingwong-ah,ASIAN_HANDICAP,HOME,,2025-01-26T23:14:59.000Z,EXACT_TIMESTAMP,SOURCE_TIMESTAMP,false
kaggle-ah-2596819,kaggle-realsingwong-ah,ASIAN_HANDICAP,HOME,,2025-01-26T03:59:52.000Z,EXACT_TIMESTAMP,SOURCE_TIMESTAMP,false
kaggle-ah-2596820,kaggle-realsingwong-ah,ASIAN_HANDICAP,HOME,,2025-01-26T01:29:56.000Z,EXACT_TIMESTAMP,SOURCE_TIMESTAMP,false
kaggle-ah-2596821,kaggle-realsingwong-ah,ASIAN_HANDICAP,HOME,,2025-02-02T01:29:46.000Z,EXACT_TIMESTAMP,SOURCE_TIMESTAMP,false
kaggle-ah-2596822,kaggle-realsingwong-ah,ASIAN_HANDICAP,HOME,,2025-02-02T20:59:54.000Z,EXACT_TIMESTAMP,SOURCE_TIMESTAMP,false
kaggle-ah-2596823,kaggle-realsingwong-ah,ASIAN_HANDICAP,HOME,,2025-02-03T03:59:38.000Z,EXACT_TIMESTAMP,SOURCE_TIMESTAMP,false
kaggle-ah-2596824,kaggle-realsingwong-ah,ASIAN_HANDICAP,HOME,,2025-02-01T20:59:44.000Z,EXACT_TIMESTAMP,SOURCE_TIMESTAMP,false
kaggle-ah-2596825,kaggle-realsingwong-ah,ASIAN_HANDICAP,HOME,,2025-02-04T03:59:55.000Z,EXACT_TIMESTAMP,SOURCE_TIMESTAMP,false
kaggle-ah-2596826,kaggle-realsingwong-ah,ASIAN_HANDICAP,HOME,,2025-02-01T03:59:54.000Z,EXACT_TIMESTAMP,SOURCE_TIMESTAMP,false
kaggle-ah-2596827,kaggle-realsingwong-ah,ASIAN_HANDICAP,HOME,,2025-02-03T01:29:51.000Z,EXACT_TIMESTAMP,SOURCE_TIMESTAMP,false
kaggle-ah-2596828,kaggle-realsingwong-ah,ASIAN_HANDICAP,HOME,,2025-02-02T23:14:50.000Z,EXACT_TIMESTAMP,SOURCE_TIMESTAMP,false
kaggle-ah-2596829,kaggle-realsingwong-ah,ASIAN_HANDICAP,HOME,,2025-02-01T23:14:42.000Z,EXACT_TIMESTAMP,SOURCE_TIMESTAMP,false
kaggle-ah-2596830,kaggle-realsingwong-ah,ASIAN_HANDICAP,HOME,,2025-02-02T03:59:46.000Z,EXACT_TIMESTAMP,SOURCE_TIMESTAMP,false
kaggle-ah-2607056,kaggle-realsingwong-ah,ASIAN_HANDICAP,HOME,,2025-01-12T03:44:54.000Z,EXACT_TIMESTAMP,SOURCE_TIMESTAMP,false
kaggle-ah-2607057,kaggle-realsingwong-ah,ASIAN_HANDICAP,HOME,,2025-01-13T00:59:59.000Z,EXACT_TIMESTAMP,SOURCE_TIMESTAMP,false
kaggle-ah-2607058,kaggle-realsingwong-ah,ASIAN_HANDICAP,HOME,,2025-01-11T21:59:40.000Z,EXACT_TIMESTAMP,SOURCE_TIMESTAMP,false
kaggle-ah-2607059,kaggle-realsingwong-ah,ASIAN_HANDICAP,HOME,,2025-01-12T19:29:46.000Z,EXACT_TIMESTAMP,SOURCE_TIMESTAMP,false
kaggle-ah-2607060,kaggle-realsingwong-ah,ASIAN_HANDICAP,HOME,,2025-01-11T03:44:48.000Z,EXACT_TIMESTAMP,SOURCE_TIMESTAMP,false
kaggle-ah-2607061,kaggle-realsingwong-ah,ASIAN_HANDICAP,HOME,,2025-01-14T03:44:52.000Z,EXACT_TIMESTAMP,SOURCE_TIMESTAMP,false
kaggle-ah-2607062,kaggle-realsingwong-ah,ASIAN_HANDICAP,HOME,,2025-01-13T03:44:58.000Z,EXACT_TIMESTAMP,SOURCE_TIMESTAMP,false
kaggle-ah-2607063,kaggle-realsingwong-ah,ASIAN_HANDICAP,HOME,,2025-01-12T00:59:57.000Z,EXACT_TIMESTAMP,SOURCE_TIMESTAMP,false
kaggle-ah-2607064,kaggle-realsingwong-ah,ASIAN_HANDICAP,HOME,,2025-01-11T21:59:56.000Z,EXACT_TIMESTAMP,SOURCE_TIMESTAMP,false
kaggle-ah-2607065,kaggle-realsingwong-ah,ASIAN_HANDICAP,HOME,,2025-01-12T21:59:59.000Z,EXACT_TIMESTAMP,SOURCE_TIMESTAMP,false
kaggle-ah-2607066,kaggle-realsingwong-ah,ASIAN_HANDICAP,HOME,,2025-01-18T03:44:45.000Z,EXACT_TIMESTAMP,SOURCE_TIMESTAMP,false
kaggle-ah-2607067,kaggle-realsingwong-ah,ASIAN_HANDICAP,HOME,,2025-01-19T03:44:54.000Z,EXACT_TIMESTAMP,SOURCE_TIMESTAMP,false
kaggle-ah-2607068,kaggle-realsingwong-ah,ASIAN_HANDICAP,HOME,,2025-01-18T21:59:49.000Z,EXACT_TIMESTAMP,SOURCE_TIMESTAMP,false
kaggle-ah-2607069,kaggle-realsingwong-ah,ASIAN_HANDICAP,HOME,,2025-01-19T21:59:54.000Z,EXACT_TIMESTAMP,SOURCE_TIMESTAMP,false
kaggle-ah-2607070,kaggle-realsingwong-ah,ASIAN_HANDICAP,HOME,,2025-01-21T03:44:30.000Z,EXACT_TIMESTAMP,SOURCE_TIMESTAMP,false
kaggle-ah-2607071,kaggle-realsingwong-ah,ASIAN_HANDICAP,HOME,,2025-01-19T19:29:52.000Z,EXACT_TIMESTAMP,SOURCE_TIMESTAMP,false
kaggle-ah-2607072,kaggle-realsingwong-ah,ASIAN_HANDICAP,HOME,,2025-01-20T03:44:58.000Z,EXACT_TIMESTAMP,SOURCE_TIMESTAMP,false
kaggle-ah-2607073,kaggle-realsingwong-ah,ASIAN_HANDICAP,HOME,,2025-01-19T00:59:58.000Z,EXACT_TIMESTAMP,SOURCE_TIMESTAMP,false
kaggle-ah-2607074,kaggle-realsingwong-ah,ASIAN_HANDICAP,HOME,,2025-01-19T21:59:53.000Z,EXACT_TIMESTAMP,SOURCE_TIMESTAMP,false
kaggle-ah-2607075,kaggle-realsingwong-ah,ASIAN_HANDICAP,HOME,,2025-01-20T00:59:15.000Z,EXACT_TIMESTAMP,SOURCE_TIMESTAMP,false
kaggle-ah-2607076,kaggle-realsingwong-ah,ASIAN_HANDICAP,HOME,,2025-01-26T19:29:54.000Z,EXACT_TIMESTAMP,SOURCE_TIMESTAMP,false
kaggle-ah-2607077,kaggle-realsingwong-ah,ASIAN_HANDICAP,HOME,,2025-01-25T21:59:55.000Z,EXACT_TIMESTAMP,SOURCE_TIMESTAMP,false
kaggle-ah-2607078,kaggle-realsingwong-ah,ASIAN_HANDICAP,HOME,,2025-01-26T03:44:58.000Z,EXACT_TIMESTAMP,SOURCE_TIMESTAMP,false
kaggle-ah-2607079,kaggle-realsingwong-ah,ASIAN_HANDICAP,HOME,,2025-01-28T03:44:44.000Z,EXACT_TIMESTAMP,SOURCE_TIMESTAMP,false
kaggle-ah-2607080,kaggle-realsingwong-ah,ASIAN_HANDICAP,HOME,,2025-01-27T03:44:46.000Z,EXACT_TIMESTAMP,SOURCE_TIMESTAMP,false
kaggle-ah-2607081,kaggle-realsingwong-ah,ASIAN_HANDICAP,HOME,,2025-01-27T00:59:54.000Z,EXACT_TIMESTAMP,SOURCE_TIMESTAMP,false
kaggle-ah-2607082,kaggle-realsingwong-ah,ASIAN_HANDICAP,HOME,,2025-01-26T00:59:54.000Z,EXACT_TIMESTAMP,SOURCE_TIMESTAMP,false
kaggle-ah-2607083,kaggle-realsingwong-ah,ASIAN_HANDICAP,HOME,,2025-01-25T03:44:55.000Z,EXACT_TIMESTAMP,SOURCE_TIMESTAMP,false
kaggle-ah-2607084,kaggle-realsingwong-ah,ASIAN_HANDICAP,HOME,,2025-01-26T21:59:53.000Z,EXACT_TIMESTAMP,SOURCE_TIMESTAMP,false
kaggle-ah-2607085,kaggle-realsingwong-ah,ASIAN_HANDICAP,HOME,,2025-01-28T01:29:59.000Z,EXACT_TIMESTAMP,SOURCE_TIMESTAMP,false
