year,competition,events,odds,exact_timestamp,date_only,strict,strict_ratio,research_ratio,observed
2000,B1,161,160,0,160,0,0,0.9937888198757764,true
2000,D1,162,162,0,162,0,0,1,true
2000,D2,162,157,0,157,0,0,0.9691358024691358,true
2000,E0,205,205,0,205,0,0,1,true
2000,E1,303,279,0,279,0,0,0.9207920792079208,true
2000,E2,274,219,0,219,0,0,0.7992700729927007,true
2000,F1,197,195,0,195,0,0,0.9898477157360406,true
2000,F2,239,0,0,0,0,0,0,true
2000,I1,108,107,0,107,0,0,0.9907407407407407,true
2000,I2,170,109,0,109,0,0,0.6411764705882353,true
2000,N1,160,159,0,159,0,0,0.99375,true
2000,P1,135,132,0,132,0,0,0.9777777777777777,true
2000,SP1,159,159,0,159,0,0,1,true
2000,SP2,197,103,0,103,0,0,0.5228426395939086,true
2000,T1,162,64,0,64,0,0,0.3950617283950617,true
2001,B1,298,219,0,219,0,0,0.7348993288590604,true
2001,D1,306,233,0,233,0,0,0.761437908496732,true
2001,D2,306,233,0,233,0,0,0.761437908496732,true
2001,E0,373,291,0,291,0,0,0.7801608579088471,true
2001,E1,569,431,0,431,0,0,0.7574692442882249,true
2001,E2,574,423,0,423,0,0,0.7369337979094077,true
2001,E3,345,190,0,190,0,0,0.5507246376811594,true
2001,F1,274,192,0,192,0,0,0.7007299270072993,true
2001,F2,346,236,0,236,0,0,0.6820809248554913,true
2001,I1,341,278,0,278,0,0,0.8152492668621701,true
2001,I2,389,268,0,268,0,0,0.6889460154241646,true
2001,N1,313,235,0,235,0,0,0.7507987220447284,true
2001,P1,314,241,0,241,0,0,0.767515923566879,true
2001,SC0,129,75,0,75,0,0,0.5813953488372093,true
2001,SC1,99,49,0,49,0,0,0.494949494949495,true
2001,SC2,86,36,0,36,0,0,0.4186046511627907,true
2001,SC3,86,34,0,34,0,0,0.3953488372093023,true
2001,SP1,400,316,0,316,0,0,0.79,true
2001,SP2,485,356,0,356,0,0,0.734020618556701,true
2001,T1,296,224,0,224,0,0,0.7567567567567568,true
2002,B1,264,259,0,259,0,0,0.9810606060606061,true
2002,D1,297,296,0,296,0,0,0.9966329966329966,true
2002,D2,271,267,0,267,0,0,0.985239852398524,true
2002,E0,391,390,0,390,0,0,0.9974424552429667,true
2002,E1,541,536,0,536,0,0,0.9907578558225508,true
2002,E2,544,538,0,538,0,0,0.9889705882352942,true
2002,E3,546,538,0,538,0,0,0.9853479853479854,true
2002,F1,268,266,0,266,0,0,0.9925373134328358,true
2002,F2,289,269,0,269,0,0,0.9307958477508651,true
2002,I1,297,285,0,285,0,0,0.9595959595959596,true
2002,I2,264,242,0,242,0,0,0.9166666666666666,true
2002,N1,234,231,0,231,0,0,0.9871794871794872,true
2002,P1,258,255,0,255,0,0,0.9883720930232558,true
2002,SC0,236,235,0,235,0,0,0.9957627118644068,true
2002,SC1,160,160,0,160,0,0,1,true
2002,SC2,173,170,0,170,0,0,0.9826589595375722,true
2002,SC3,173,171,0,171,0,0,0.9884393063583815,true
2002,SP1,350,349,0,349,0,0,0.9971428571428571,true
2002,SP2,354,328,0,328,0,0,0.9265536723163842,true
2002,T1,263,258,0,258,0,0,0.9809885931558935,true
2003,B1,153,152,0,152,0,0,0.9934640522875817,true
2003,D1,226,225,0,225,0,0,0.995575221238938,true
2003,D2,31,31,0,31,0,0,1,true
2003,E0,359,359,0,359,0,0,1,true
2003,E1,521,521,0,521,0,0,1,true
2003,E2,349,349,0,349,0,0,1,true
2003,E3,339,339,0,339,0,0,1,true
2003,F1,159,159,0,159,0,0,1,true
2003,F2,31,31,0,31,0,0,1,true
2003,I1,235,231,0,231,0,0,0.9829787234042553,true
2003,I2,175,171,0,171,0,0,0.9771428571428571,true
2003,N1,178,177,0,177,0,0,0.9943820224719101,true
2003,P1,138,136,0,136,0,0,0.9855072463768116,true
2003,SC0,146,144,0,144,0,0,0.9863013698630136,true
2003,SC1,93,93,0,93,0,0,1,true
2003,SC2,82,82,0,82,0,0,1,true
2003,SC3,84,84,0,84,0,0,1,true
2003,SP1,401,401,0,401,0,0,1,true
2003,SP2,94,78,0,78,0,0,0.8297872340425532,true
2003,T1,173,173,0,173,0,0,1,true
2004,B1,257,255,0,255,0,0,0.9922178988326849,true
2004,D1,258,258,0,258,0,0,1,true
2004,D2,152,149,0,149,0,0,0.9802631578947368,true
2004,E0,347,347,0,347,0,0,1,true
2004,E1,489,488,0,488,0,0,0.9979550102249489,true
2004,E2,457,457,0,457,0,0,1,true
2004,E3,451,451,0,451,0,0,1,true
2004,F1,318,318,0,318,0,0,1,true
2004,F2,190,187,0,187,0,0,0.9842105263157894,true
2004,I1,290,266,0,266,0,0,0.9172413793103448,true
2004,I2,223,177,0,177,0,0,0.7937219730941704,true
2004,N1,268,267,0,267,0,0,0.996268656716418,true
2004,P1,290,278,0,278,0,0,0.9586206896551724,true
2004,SC0,74,74,0,74,0,0,1,true
2004,SC1,190,190,0,190,0,0,1,true
2004,SC2,186,186,0,186,0,0,1,true
2004,SC3,99,99,0,99,0,0,1,true
2004,SP1,347,342,0,342,0,0,0.9855907780979827,true
2004,SP2,341,262,0,262,0,0,0.7683284457478006,true
2004,T1,307,275,0,275,0,0,0.8957654723127035,true
2005,B1,220,219,0,219,0,0,0.9954545454545455,true
2005,D1,306,306,0,306,0,0,1,true
2005,D2,270,270,0,270,0,0,1,true
2005,E0,329,329,0,329,0,0,1,true
2005,E1,465,465,0,465,0,0,1,true
2005,E2,431,431,0,431,0,0,1,true
2005,E3,461,461,0,461,0,0,1,true
2005,F1,380,380,0,380,0,0,1,true
2005,F2,380,380,0,380,0,0,1,true
2005,G1,112,109,0,109,0,0,0.9732142857142857,true
2005,I1,311,302,0,302,0,0,0.9710610932475884,true
2005,I2,303,287,0,287,0,0,0.9471947194719472,true
2005,N1,279,279,0,279,0,0,1,true
2005,P1,315,315,0,315,0,0,1,true
2005,SC0,180,180,0,180,0,0,1,true
2005,SC1,164,164,0,164,0,0,1,true
2005,SC2,186,186,0,186,0,0,1,true
2005,SC3,179,179,0,179,0,0,1,true
2005,SP1,301,301,0,301,0,0,1,true
2005,SP2,462,459,0,459,0,0,0.9935064935064936,true
2005,T1,306,303,0,303,0,0,0.9901960784313726,true
2006,B1,297,294,0,294,0,0,0.98989898989899,true
2006,D1,306,306,0,306,0,0,1,true
2006,D2,308,308,0,308,0,0,1,true
2006,E0,394,394,0,394,0,0,1,true
2006,E1,544,544,0,544,0,0,1,true
2006,E2,555,555,0,555,0,0,1,true
2006,E3,560,560,0,560,0,0,1,true
2006,F1,379,379,0,379,0,0,1,true
2006,F2,390,390,0,390,0,0,1,true
2006,G1,248,241,0,241,0,0,0.9717741935483871,true
2006,I1,389,387,0,387,0,0,0.9948586118251928,true
2006,I2,427,426,0,426,0,0,0.9976580796252927,true
2006,N1,327,327,0,327,0,0,1,true
2006,P1,274,274,0,274,0,0,1,true
2006,SC0,236,236,0,236,0,0,1,true
2006,SC1,176,176,0,176,0,0,1,true
2006,SC2,181,181,0,181,0,0,1,true
2006,SC3,188,188,0,188,0,0,1,true
2006,SP1,210,210,0,210,0,0,1,true
2006,SP2,264,264,0,264,0,0,1,true
2006,T1,306,304,0,304,0,0,0.9934640522875817,true
2007,B1,304,302,0,302,0,0,0.993421052631579,true
2007,D1,306,306,0,306,0,0,1,true
2007,D2,306,306,0,306,0,0,1,true
2007,E0,371,371,0,371,0,0,1,true
2007,E1,539,539,0,539,0,0,1,true
2007,E2,524,524,0,524,0,0,1,true
2007,E3,523,523,0,523,0,0,1,true
2007,F1,380,380,0,380,0,0,1,true
2007,F2,355,355,0,355,0,0,1,true
2007,G1,232,228,0,228,0,0,0.9827586206896551,true
2007,I1,368,368,0,368,0,0,1,true
2007,I2,474,474,0,474,0,0,1,true
2007,N1,270,270,0,270,0,0,1,true
2007,P1,239,239,0,239,0,0,1,true
2007,SC0,214,214,0,214,0,0,1,true
2007,SC1,175,175,0,175,0,0,1,true
2007,SC2,175,175,0,175,0,0,1,true
2007,SC3,172,172,0,172,0,0,1,true
2007,SP1,170,170,0,170,0,0,1,true
2007,SP2,198,198,0,198,0,0,1,true
2007,T1,290,288,0,288,0,0,0.993103448275862,true
2008,B1,308,308,0,308,0,0,1,true
2008,D1,306,306,0,306,0,0,1,true
2008,D2,306,306,0,306,0,0,1,true
2008,E0,379,379,0,379,0,0,1,true
2008,E1,565,565,0,565,0,0,1,true
2008,E2,559,559,0,559,0,0,1,true
2008,E3,556,556,0,556,0,0,1,true
2008,F1,381,381,0,381,0,0,1,true
2008,F2,352,352,0,352,0,0,1,true
2008,G1,248,246,0,246,0,0,0.9919354838709677,true
2008,I1,382,382,0,382,0,0,1,true
2008,I2,463,461,0,461,0,0,0.9956803455723542,true
2008,N1,284,284,0,284,0,0,1,true
2008,P1,193,193,0,193,0,0,1,true
2008,SC0,228,228,0,228,0,0,1,true
2008,SC1,179,179,0,179,0,0,1,true
2008,SC2,181,181,0,181,0,0,1,true
2008,SC3,177,177,0,177,0,0,1,true
2008,SP1,370,370,0,370,0,0,1,true
2008,SP2,434,434,0,434,0,0,1,true
2008,T1,297,294,0,294,0,0,0.98989898989899,true
2009,B1,297,297,0,297,0,0,1,true
2009,D1,306,306,0,306,0,0,1,true
2009,D2,306,306,0,306,0,0,1,true
2009,E0,378,378,0,378,0,0,1,true
2009,E1,521,521,0,521,0,0,1,true
2009,E2,556,556,0,556,0,0,1,true
2009,E3,550,550,0,550,0,0,1,true
2009,F1,377,377,0,377,0,0,1,true
2009,F2,387,387,0,387,0,0,1,true
2009,G1,240,239,0,239,0,0,0.9958333333333333,true
2009,I1,377,377,0,377,0,0,1,true
2009,I2,458,451,0,451,0,0,0.9847161572052402,true
2009,N1,310,310,0,310,0,0,1,true
2009,P1,256,256,0,256,0,0,1,true
2009,SC0,212,212,0,212,0,0,1,true
2009,SC1,177,177,0,177,0,0,1,true
2009,SC2,174,174,0,174,0,0,1,true
2009,SC3,177,176,0,176,0,0,0.9943502824858758,true
2009,SP1,370,370,0,370,0,0,1,true
2009,SP2,463,463,0,463,0,0,1,true
2009,T1,162,162,0,162,0,0,1,true
2010,B1,228,228,0,228,0,0,1,true
2010,D1,306,306,0,306,0,0,1,true
2010,D2,305,305,0,305,0,0,1,true
2010,E0,374,374,0,374,0,0,1,true
2010,E1,543,543,0,543,0,0,1,true
2010,E2,506,506,0,506,0,0,1,true
2010,E3,516,516,0,516,0,0,1,true
2010,F1,381,381,0,381,0,0,1,true
2010,F2,381,381,0,381,0,0,1,true
2010,G1,240,239,0,239,0,0,0.9958333333333333,true
2010,I1,381,380,0,380,0,0,0.9973753280839895,true
2010,I2,476,456,0,456,0,0,0.957983193277311,true
2010,N1,316,316,0,316,0,0,1,true
2010,P1,240,240,0,240,0,0,1,true
2010,SC0,230,230,0,230,0,0,1,true
2010,SC1,165,163,0,163,0,0,0.9878787878787879,true
2010,SC2,166,166,0,166,0,0,1,true
2010,SC3,167,167,0,167,0,0,1,true
2010,SP1,390,390,0,390,0,0,1,true
2010,SP2,461,461,0,461,0,0,1,true
2010,T1,153,153,0,153,0,0,1,true
2011,B1,230,230,0,230,0,0,1,true
2011,D1,306,306,0,306,0,0,1,true
2011,D2,325,325,0,325,0,0,1,true
2011,E0,377,377,0,377,0,0,1,true
2011,E1,566,566,0,566,0,0,1,true
2011,E2,593,593,0,593,0,0,1,true
2011,E3,593,593,0,593,0,0,1,true
2011,EC,306,304,0,304,0,0,0.9934640522875817,true
2011,F1,382,382,0,382,0,0,1,true
2011,F2,373,373,0,373,0,0,1,true
2011,G1,120,119,0,119,0,0,0.9916666666666667,true
2011,I1,373,371,0,371,0,0,0.9946380697050938,true
2011,I2,463,458,0,458,0,0,0.9892008639308856,true
2011,N1,292,292,0,292,0,0,1,true
2011,P1,128,128,0,128,0,0,1,true
2011,SC0,247,247,0,247,0,0,1,true
2011,SC1,192,192,0,192,0,0,1,true
2011,SC2,190,190,0,190,0,0,1,true
2011,SC3,194,194,0,194,0,0,1,true
2011,SP1,380,380,0,380,0,0,1,true
2011,SP2,474,473,0,473,0,0,0.9978902953586498,true
2011,T1,306,306,0,306,0,0,1,true
2012,ARG,188,188,0,188,0,0,1,true
2012,AUT,99,99,0,99,0,0,1,true
2012,B1,264,264,0,264,0,0,1,true
2012,BRA,380,380,0,380,0,0,1,true
2012,D1,306,306,0,306,0,0,1,true
2012,D2,306,306,0,306,0,0,1,true
2012,DEN,119,119,0,119,0,0,1,true
2012,E0,391,391,0,391,0,0,1,true
2012,E1,564,564,0,564,0,0,1,true
2012,E2,568,568,0,568,0,0,1,true
2012,E3,566,566,0,566,0,0,1,true
2012,EC,524,490,0,490,0,0,0.9351145038167938,true
2012,F1,380,380,0,380,0,0,1,true
2012,F2,389,389,0,389,0,0,1,true
2012,FIN,198,198,0,198,0,0,1,true
2012,G1,120,120,0,120,0,0,1,true
2012,I1,400,400,0,400,0,0,1,true
2012,I2,482,482,0,482,0,0,1,true
2012,IRL,183,183,0,183,0,0,1,true
2012,JAP,306,306,0,306,0,0,1,true
2012,MEX,167,167,0,167,0,0,1,true
2012,N1,315,315,0,315,0,0,1,true
2012,NOR,242,242,0,242,0,0,1,true
2012,P1,95,95,0,95,0,0,1,true
2012,POL,120,120,0,120,0,0,1,true
2012,ROM,171,171,0,171,0,0,1,true
2012,RUS,152,152,0,152,0,0,1,true
2012,SC0,228,228,0,228,0,0,1,true
2012,SC1,173,173,0,173,0,0,1,true
2012,SC2,183,183,0,183,0,0,1,true
2012,SC3,180,180,0,180,0,0,1,true
2012,SP1,390,390,0,390,0,0,1,true
2012,SP2,473,470,0,470,0,0,0.9936575052854123,true
2012,SUI,90,90,0,90,0,0,1,true
2012,SWE,242,242,0,242,0,0,1,true
2012,T1,305,301,0,301,0,0,0.9868852459016394,true
2012,USA,338,338,0,338,0,0,1,true
2013,ARG,383,383,0,383,0,0,1,true
2013,AUT,185,185,0,185,0,0,1,true
2013,B1,232,232,0,232,0,0,1,true
2013,BRA,380,380,0,380,0,0,1,true
2013,D1,305,305,0,305,0,0,1,true
2013,D2,306,306,0,306,0,0,1,true
2013,DEN,187,187,0,187,0,0,1,true
2013,E0,372,372,0,372,0,0,1,true
2013,E1,529,528,0,528,0,0,0.998109640831758,true
2013,E2,537,537,0,537,0,0,1,true
2013,E3,538,537,0,537,0,0,0.9981412639405205,true
2013,EC,567,567,0,567,0,0,1,true
2013,F1,379,379,0,379,0,0,1,true
2013,F2,371,371,0,371,0,0,1,true
2013,FIN,198,198,0,198,0,0,1,true
2013,G1,273,269,0,269,0,0,0.9853479853479854,true
2013,I1,370,370,0,370,0,0,1,true
2013,I2,451,449,0,449,0,0,0.9955654101995566,true
2013,IRL,202,202,0,202,0,0,1,true
2013,JAP,306,306,0,306,0,0,1,true
2013,MEX,334,334,0,334,0,0,1,true
2013,N1,306,306,0,306,0,0,1,true
2013,NOR,242,242,0,242,0,0,1,true
2013,P1,257,257,0,257,0,0,1,true
2013,POL,288,288,0,288,0,0,1,true
2013,ROM,305,305,0,305,0,0,1,true
2013,RUS,244,244,0,244,0,0,1,true
2013,SC0,216,216,0,216,0,0,1,true
2013,SC1,189,189,0,189,0,0,1,true
2013,SC2,184,184,0,184,0,0,1,true
2013,SC3,186,186,0,186,0,0,1,true
2013,SP1,380,380,0,380,0,0,1,true
2013,SP2,462,462,0,462,0,0,1,true
2013,SUI,179,179,0,179,0,0,1,true
2013,SWE,242,242,0,242,0,0,1,true
2013,T1,306,306,0,306,0,0,1,true
2013,USA,338,338,0,338,0,0,1,true
2014,ARG,382,382,0,382,0,0,1,true
2014,AUT,171,171,0,171,0,0,1,true
2014,B1,239,239,0,239,0,0,1,true
2014,BRA,380,380,0,380,0,0,1,true
2014,CHN,240,240,0,240,0,0,1,true
2014,D1,307,307,0,307,0,0,1,true
2014,D2,306,305,0,305,0,0,0.9967320261437909,true
2014,DEN,192,192,0,192,0,0,1,true
2014,E0,380,380,0,380,0,0,1,true
2014,E1,565,565,0,565,0,0,1,true
2014,E2,548,548,0,548,0,0,1,true
2014,E3,553,553,0,553,0,0,1,true
2014,EC,583,583,0,583,0,0,1,true
2014,F1,380,380,0,380,0,0,1,true
2014,F2,380,380,0,380,0,0,1,true
2014,FIN,198,198,0,198,0,0,1,true
2014,G1,288,274,0,274,0,0,0.9513888888888888,true
2014,I1,370,370,0,370,0,0,1,true
2014,I2,464,462,0,462,0,0,0.9956896551724138,true
2014,IRL,202,202,0,202,0,0,1,true
2014,JAP,306,306,0,306,0,0,1,true
2014,MEX,334,334,0,334,0,0,1,true
2014,N1,297,297,0,297,0,0,1,true
2014,NOR,242,242,0,242,0,0,1,true
2014,P1,254,254,0,254,0,0,1,true
2014,POL,280,280,0,280,0,0,1,true
2014,ROM,290,290,0,290,0,0,1,true
2014,RUS,227,227,0,227,0,0,1,true
2014,SC0,225,225,0,225,0,0,1,true
2014,SC1,181,181,0,181,0,0,1,true
2014,SC2,179,179,0,179,0,0,1,true
2014,SC3,180,180,0,180,0,0,1,true
2014,SP1,369,369,0,369,0,0,1,true
2014,SP2,451,451,0,451,0,0,1,true
2014,SUI,181,181,0,181,0,0,1,true
2014,SWE,242,242,0,242,0,0,1,true
2014,T1,289,289,0,289,0,0,1,true
2014,USA,338,338,0,338,0,0,1,true
2015,ARG,469,469,0,469,0,0,1,true
2015,AUT,185,185,0,185,0,0,1,true
2015,B1,241,241,0,241,0,0,1,true
2015,BRA,380,380,0,380,0,0,1,true
2015,CHN,240,240,0,240,0,0,1,true
2015,D1,306,306,0,306,0,0,1,true
2015,D2,306,306,0,306,0,0,1,true
2015,DEN,203,203,0,203,0,0,1,true
2015,E0,380,380,0,380,0,0,1,true
2015,E1,551,551,0,551,0,0,1,true
2015,E2,560,559,0,559,0,0,0.9982142857142857,true
2015,E3,556,556,0,556,0,0,1,true
2015,EC,543,543,0,543,0,0,1,true
2015,F1,381,381,0,381,0,0,1,true
2015,F2,390,390,0,390,0,0,1,true
2015,FIN,200,200,0,200,0,0,1,true
2015,G1,291,262,0,262,0,0,0.9003436426116839,true
2015,I1,389,389,0,389,0,0,1,true
2015,I2,461,461,0,461,0,0,1,true
2015,IRL,202,202,0,202,0,0,1,true
2015,JAP,309,309,0,309,0,0,1,true
2015,MEX,334,334,0,334,0,0,1,true
2015,N1,306,306,0,306,0,0,1,true
2015,NOR,242,242,0,242,0,0,1,true
2015,P1,306,306,0,306,0,0,1,true
2015,POL,312,312,0,312,0,0,1,true
2015,ROM,314,314,0,314,0,0,1,true
2015,RUS,253,253,0,253,0,0,1,true
2015,SC0,240,240,0,240,0,0,1,true
2015,SC1,181,181,0,181,0,0,1,true
2015,SC2,186,186,0,186,0,0,1,true
2015,SC3,180,180,0,180,0,0,1,true
2015,SP1,390,390,0,390,0,0,1,true
2015,SP2,462,462,0,462,0,0,1,true
2015,SUI,180,180,0,180,0,0,1,true
2015,SWE,242,242,0,242,0,0,1,true
2015,T1,324,323,0,323,0,0,0.9969135802469136,true
2015,USA,357,357,0,357,0,0,1,true
2016,ARG,452,452,0,452,0,0,1,true
2016,AUT,180,180,0,180,0,0,1,true
2016,B1,239,239,0,239,0,0,1,true
2016,BRA,380,380,0,380,0,0,1,true
2016,CHN,240,240,0,240,0,0,1,true
2016,D1,297,297,0,297,0,0,1,true
2016,D2,288,288,0,288,0,0,1,true
2016,DEN,238,238,0,238,0,0,1,true
2016,E0,378,378,0,378,0,0,1,true
2016,E1,551,551,0,551,0,0,1,true
2016,E2,559,559,0,559,0,0,1,true
2016,E3,547,547,0,547,0,0,1,true
2016,EC,544,544,0,544,0,0,1,true
2016,F1,378,377,0,377,0,0,0.9973544973544973,true
2016,F2,380,380,0,380,0,0,1,true
2016,FIN,200,200,0,200,0,0,1,true
2016,G1,216,213,0,213,0,0,0.9861111111111112,true
2016,I1,389,389,0,389,0,0,1,true
2016,I2,463,463,0,463,0,0,1,true
2016,IRL,202,202,0,202,0,0,1,true
2016,JAP,309,309,0,309,0,0,1,true
2016,MEX,334,334,0,334,0,0,1,true
2016,N1,306,306,0,306,0,0,1,true
2016,NOR,242,242,0,242,0,0,1,true
2016,P1,315,315,0,315,0,0,1,true
2016,POL,288,288,0,288,0,0,1,true
2016,ROM,258,258,0,258,0,0,1,true
2016,RUS,236,236,0,236,0,0,1,true
2016,SC0,232,232,0,232,0,0,1,true
2016,SC1,182,182,0,182,0,0,1,true
2016,SC2,179,179,0,179,0,0,1,true
2016,SC3,180,180,0,180,0,0,1,true
2016,SP1,370,370,0,370,0,0,1,true
2016,SP2,472,472,0,472,0,0,1,true
2016,SUI,180,180,0,180,0,0,1,true
2016,SWE,242,242,0,242,0,0,1,true
2016,T1,297,297,0,297,0,0,1,true
2016,USA,357,357,0,357,0,0,1,true
2017,ARG,406,406,0,406,0,0,1,true
2017,AUT,180,180,0,180,0,0,1,true
2017,B1,240,240,0,240,0,0,1,true
2017,BRA,380,380,0,380,0,0,1,true
2017,CHN,240,240,0,240,0,0,1,true
2017,D1,315,315,0,315,0,0,1,true
2017,D2,315,315,0,315,0,0,1,true
2017,DEN,241,241,0,241,0,0,1,true
2017,E0,401,401,1,401,1,0.0024937655860349127,1,true
2017,E1,566,566,0,566,0,0,1,true
2017,E2,561,561,0,561,0,0,1,true
2017,E3,575,575,0,575,0,0,1,true
2017,EC,559,559,0,559,0,0,1,true
2017,F1,382,382,0,382,0,0,1,true
2017,F2,379,379,0,379,0,0,1,true
2017,FIN,200,200,0,200,0,0,1,true
2017,G1,264,256,0,256,0,0,0.9696969696969697,true
2017,I1,390,390,0,390,0,0,1,true
2017,I2,462,462,0,462,0,0,1,true
2017,IRL,198,198,0,198,0,0,1,true
2017,JAP,306,306,0,306,0,0,1,true
2017,MEX,334,334,0,334,0,0,1,true
2017,N1,313,313,0,313,0,0,1,true
2017,NOR,242,242,0,242,0,0,1,true
2017,P1,307,307,0,307,0,0,1,true
2017,POL,304,304,0,304,0,0,1,true
2017,ROM,277,277,0,277,0,0,1,true
2017,RUS,268,268,0,268,0,0,1,true
2017,SC0,234,234,0,234,0,0,1,true
2017,SC1,176,176,0,176,0,0,1,true
2017,SC2,178,178,0,178,0,0,1,true
2017,SC3,175,175,0,175,0,0,1,true
2017,SP1,390,390,0,390,0,0,1,true
2017,SP2,473,472,0,472,0,0,0.9978858350951374,true
2017,SUI,185,185,0,185,0,0,1,true
2017,SWE,242,242,0,242,0,0,1,true
2017,T1,315,315,0,315,0,0,1,true
2017,USA,391,391,0,391,0,0,1,true
2018,ARG,399,399,0,399,0,0,1,true
2018,AUT,190,190,0,190,0,0,1,true
2018,B1,241,241,0,241,0,0,1,true
2018,BRA,380,380,0,380,0,0,1,true
2018,CHN,240,240,0,240,0,0,1,true
2018,D1,306,306,0,306,0,0,1,true
2018,D2,306,306,0,306,0,0,1,true
2018,DEN,262,262,0,262,0,0,1,true
2018,E0,371,371,0,371,0,0,1,true
2018,E1,552,552,0,552,0,0,1,true
2018,E2,553,553,0,553,0,0,1,true
2018,E3,549,549,0,549,0,0,1,true
2018,EC,556,556,0,556,0,0,1,true
2018,F1,369,369,0,369,0,0,1,true
2018,F2,379,379,0,379,0,0,1,true
2018,FIN,200,200,0,200,0,0,1,true
2018,G1,232,230,0,230,0,0,0.9913793103448276,true
2018,I1,382,382,0,382,0,0,1,true
2018,I2,402,402,0,402,0,0,1,true
2018,IRL,185,185,0,185,0,0,1,true
2018,JAP,309,309,0,309,0,0,1,true
2018,MEX,334,334,0,334,0,0,1,true
2018,N1,299,299,0,299,0,0,1,true
2018,NOR,241,241,0,241,0,0,1,true
2018,P1,296,296,0,296,0,0,1,true
2018,POL,288,288,0,288,0,0,1,true
2018,ROM,263,263,0,263,0,0,1,true
2018,RUS,219,219,0,219,0,0,1,true
2018,SC0,223,223,0,223,0,0,1,true
2018,SC1,185,185,0,185,0,0,1,true
2018,SC2,184,184,0,184,0,0,1,true
2018,SC3,184,184,0,184,0,0,1,true
2018,SP1,380,380,0,380,0,0,1,true
2018,SP2,452,452,0,452,0,0,1,true
2018,SUI,175,175,0,175,0,0,1,true
2018,SWE,242,242,0,242,0,0,1,true
2018,T1,306,303,0,303,0,0,0.9901960784313726,true
2018,USA,408,408,0,408,0,0,1,true
2019,ARG,328,328,0,328,0,0,1,true
2019,AUT,195,195,0,195,0,0,1,true
2019,B1,239,239,0,239,0,0,1,true
2019,BRA,380,380,0,380,0,0,1,true
2019,CHN,240,240,0,240,0,0,1,true
2019,D1,306,306,0,306,0,0,1,true
2019,D2,306,306,0,306,0,0,1,true
2019,DEN,251,251,0,251,0,0,1,true
2019,E0,379,379,0,379,0,0,1,true
2019,E1,551,550,0,550,0,0,0.9981851179673321,true
2019,E2,510,508,0,508,0,0,0.996078431372549,true
2019,E3,538,535,0,535,0,0,0.9944237918215614,true
2019,EC,561,561,0,561,0,0,1,true
2019,F1,388,388,0,388,0,0,1,true
2019,F2,382,382,0,382,0,0,1,true
2019,FIN,169,169,0,169,0,0,1,true
2019,G1,240,232,0,232,0,0,0.9666666666666667,true
2019,I1,359,359,0,359,0,0,1,true
2019,I2,360,360,0,360,0,0,1,true
2019,IRL,186,186,0,186,0,0,1,true
2019,JAP,310,310,0,310,0,0,1,true
2019,MEX,352,352,0,352,0,0,1,true
2019,N1,315,315,0,315,0,0,1,true
2019,NOR,242,242,0,242,0,0,1,true
2019,P1,306,306,0,306,0,0,1,true
2019,POL,296,296,0,296,0,0,1,true
2019,ROM,275,275,0,275,0,0,1,true
2019,RUS,260,260,0,260,0,0,1,true
2019,SC0,226,226,0,226,0,0,1,true
2019,SC1,180,179,0,179,0,0,0.9944444444444445,true
2019,SC2,181,181,0,181,0,0,1,true
2019,SC3,182,181,0,181,0,0,0.9945054945054945,true
2019,SP1,391,391,0,391,0,0,1,true
2019,SP2,483,462,0,462,0,0,0.9565217391304348,true
2019,SUI,182,182,0,182,0,0,1,true
2019,SWE,242,242,0,242,0,0,1,true
2019,T1,306,306,0,306,0,0,1,true
2019,USA,421,421,0,421,0,0,1,true
2020,ARG,193,193,0,193,0,0,1,true
2020,AUT,158,158,0,158,0,0,1,true
2020,B1,233,233,0,233,0,0,1,true
2020,BRA,268,268,0,268,0,0,1,true
2020,CHN,162,160,0,160,0,0,0.9876543209876543,true
2020,D1,270,270,0,270,0,0,1,true
2020,D2,260,260,0,260,0,0,1,true
2020,DEN,181,181,0,181,0,0,1,true
2020,E0,336,336,0,336,0,0,1,true
2020,E1,513,513,0,513,0,0,1,true
2020,E2,372,372,0,372,0,0,1,true
2020,E3,403,402,0,402,0,0,0.9975186104218362,true
2020,EC,282,282,0,282,0,0,1,true
2020,F1,260,260,0,260,0,0,1,true
2020,F2,260,260,0,260,0,0,1,true
2020,FIN,134,134,0,134,0,0,1,true
2020,G1,214,214,0,214,0,0,1,true
2020,I1,349,349,0,349,0,0,1,true
2020,I2,347,340,0,340,0,0,0.9798270893371758,true
2020,IRL,94,94,0,94,0,0,1,true
2020,JAP,306,306,0,306,0,0,1,true
2020,MEX,261,261,0,261,0,0,1,true
2020,N1,196,196,0,196,0,0,1,true
2020,NOR,240,240,0,240,0,0,1,true
2020,P1,279,279,0,279,0,0,1,true
2020,POL,248,248,0,248,0,0,1,true
2020,ROM,229,229,0,229,0,0,1,true
2020,RUS,241,239,0,239,0,0,0.991701244813278,true
2020,SC0,175,175,0,175,0,0,1,true
2020,SC1,91,91,0,91,0,0,1,true
2020,SC2,91,91,0,91,0,0,1,true
2020,SC3,92,92,0,92,0,0,1,true
2020,SP1,355,355,0,355,0,0,1,true
2020,SP2,441,441,0,441,0,0,1,true
2020,SUI,159,158,0,158,0,0,0.9937106918238994,true
2020,SWE,242,242,0,242,0,0,1,true
2020,T1,303,303,0,303,0,0,1,true
2020,USA,324,324,0,324,0,0,1,true
2021,ARG,527,527,0,527,0,0,1,true
2021,AUT,234,234,0,234,0,0,1,true
2021,B1,325,325,0,325,0,0,1,true
2021,BRA,492,492,0,492,0,0,1,true
2021,CHN,164,164,0,164,0,0,1,true
2021,D1,342,342,0,342,0,0,1,true
2021,D2,352,352,0,352,0,0,1,true
2021,DEN,217,217,0,217,0,0,1,true
2021,E0,408,408,0,408,0,0,1,true
2021,E1,573,573,0,573,0,0,1,true
2021,E2,598,598,0,598,0,0,1,true
2021,E3,565,565,0,565,0,0,1,true
2021,EC,547,546,0,546,0,0,0.9981718464351006,true
2021,F1,400,400,0,400,0,0,1,true
2021,F2,400,400,0,400,0,0,1,true
2021,FIN,164,164,0,164,0,0,1,true
2021,G1,256,255,0,255,0,0,0.99609375,true
2021,I1,431,431,0,431,0,0,1,true
2021,I2,402,401,0,401,0,0,0.9975124378109452,true
2021,IRL,186,186,0,186,0,0,1,true
2021,JAP,380,380,0,380,0,0,1,true
2021,MEX,342,342,0,342,0,0,1,true
2021,N1,342,342,0,342,0,0,1,true
2021,NOR,241,241,0,241,0,0,1,true
2021,P1,348,348,0,348,0,0,1,true
2021,POL,298,298,0,298,0,0,1,true
2021,ROM,370,370,0,370,0,0,1,true
2021,RUS,232,232,0,232,0,0,1,true
2021,SC0,229,229,0,229,0,0,1,true
2021,SC1,180,180,0,180,0,0,1,true
2021,SC2,155,155,0,155,0,0,1,true
2021,SC3,155,155,0,155,0,0,1,true
2021,SP1,407,407,0,407,0,0,1,true
2021,SP2,486,486,0,486,0,0,1,true
2021,SUI,205,205,0,205,0,0,1,true
2021,SWE,242,242,0,242,0,0,1,true
2021,T1,460,460,0,460,0,0,1,true
2021,USA,472,472,0,472,0,0,1,true
2022,ARG,581,581,0,581,0,0,1,true
2022,AUT,183,183,0,183,0,0,1,true
2022,B1,281,281,0,281,0,0,1,true
2022,BRA,380,380,0,380,0,0,1,true
2022,CHN,322,318,0,318,0,0,0.9875776397515528,true
2022,D1,288,288,0,288,0,0,1,true
2022,D2,297,297,0,297,0,0,1,true
2022,DEN,193,193,0,193,0,0,1,true
2022,E0,361,361,0,361,0,0,1,true
2022,E1,569,569,0,569,0,0,1,true
2022,E2,556,556,0,556,0,0,1,true
2022,E3,567,566,0,566,0,0,0.9982363315696648,true
2022,EC,555,555,0,555,0,0,1,true
2022,F1,352,352,0,352,0,0,1,true
2022,F2,360,360,0,360,0,0,1,true
2022,FIN,170,170,0,170,0,0,1,true
2022,G1,138,138,0,138,0,0,1,true
2022,I1,341,340,0,340,0,0,0.9970674486803519,true
2022,I2,392,392,0,392,0,0,1,true
2022,IRL,181,181,0,181,0,0,1,true
2022,JAP,310,310,0,310,0,0,1,true
2022,MEX,342,342,0,342,0,0,1,true
2022,N1,270,270,0,270,0,0,1,true
2022,NOR,242,242,0,242,0,0,1,true
2022,P1,290,290,0,290,0,0,1,true
2022,POL,288,288,0,288,0,0,1,true
2022,ROM,320,320,0,320,0,0,1,true
2022,RUS,236,236,0,236,0,0,1,true
2022,SC0,219,219,0,219,0,0,1,true
2022,SC1,179,179,0,179,0,0,1,true
2022,SC2,182,182,0,182,0,0,1,true
2022,SC3,180,180,0,180,0,0,1,true
2022,SP1,348,348,0,348,0,0,1,true
2022,SP2,460,460,0,460,0,0,1,true
2022,SUI,171,171,0,171,0,0,1,true
2022,SWE,242,242,0,242,0,0,1,true
2022,T1,333,333,0,333,0,0,1,true
2022,USA,489,489,0,489,0,0,1,true
2023,ARG,582,582,0,582,0,0,1,true
2023,AUT,201,201,0,201,0,0,1,true
2023,B1,304,304,0,304,0,0,1,true
2023,BRA,380,380,0,380,0,0,1,true
2023,CHN,240,240,0,240,0,0,1,true
2023,D1,314,314,0,314,0,0,1,true
2023,D2,306,306,0,306,0,0,1,true
2023,DEN,193,193,0,193,0,0,1,true
2023,E0,412,412,0,412,0,0,1,true
2023,E1,554,554,0,554,0,0,1,true
2023,E2,559,559,0,559,0,0,1,true
2023,E3,570,570,0,570,0,0,1,true
2023,EC,579,579,0,579,0,0,1,true
2023,F1,373,373,0,373,0,0,1,true
2023,F2,399,399,0,399,0,0,1,true
2023,FIN,167,167,0,167,0,0,1,true
2023,I1,410,410,0,410,0,0,1,true
2023,I2,380,379,0,379,0,0,0.9973684210526316,true
2023,IRL,181,181,0,181,0,0,1,true
2023,JAP,306,306,0,306,0,0,1,true
2023,MEX,341,341,0,341,0,0,1,true
2023,N1,324,324,0,324,0,0,1,true
2023,NOR,242,242,0,242,0,0,1,true
2023,P1,316,316,0,316,0,0,1,true
2023,POL,322,322,0,322,0,0,1,true
2023,ROM,321,321,0,321,0,0,1,true
2023,RUS,252,252,0,252,0,0,1,true
2023,SC0,234,234,0,234,0,0,1,true
2023,SC1,175,175,0,175,0,0,1,true
2023,SC2,176,176,0,176,0,0,1,true
2023,SC3,176,176,0,176,0,0,1,true
2023,SP1,410,410,0,410,0,0,1,true
2023,SP2,462,462,0,462,0,0,1,true
2023,SUI,210,210,0,210,0,0,1,true
2023,SWE,240,240,0,240,0,0,1,true
2023,T1,369,340,0,340,0,0,0.9214092140921409,true
2023,USA,521,521,0,521,0,0,1,true
2024,ARG,440,440,0,440,0,0,1,true
2024,AUT,145,145,0,145,0,0,1,true
2024,B1,312,312,0,312,0,0,1,true
2024,BRA,290,290,0,290,0,0,1,true
2024,CHN,216,216,0,216,0,0,1,true
2024,D1,298,298,0,298,0,0,1,true
2024,D2,306,306,0,306,0,0,1,true
2024,DEN,157,157,0,157,0,0,1,true
2024,E0,372,372,0,372,0,0,1,true
2024,E1,536,536,0,536,0,0,1,true
2024,E2,532,532,0,532,0,0,1,true
2024,E3,528,528,0,528,0,0,1,true
2024,EC,428,427,0,427,0,0,0.9976635514018691,true
2024,F1,288,288,0,288,0,0,1,true
2024,F2,333,333,0,333,0,0,1,true
2024,FIN,156,156,0,156,0,0,1,true
2024,G1,35,35,0,35,0,0,1,true
2024,I1,378,378,0,378,0,0,1,true
2024,I2,390,390,0,390,0,0,1,true
2024,IRL,165,165,0,165,0,0,1,true
2024,JAP,326,326,0,326,0,0,1,true
2024,MEX,271,271,0,271,0,0,1,true
2024,N1,314,314,0,314,0,0,1,true
2024,NOR,192,192,0,192,0,0,1,true
2024,P1,315,315,0,315,0,0,1,true
2024,POL,235,235,0,235,0,0,1,true
2024,ROM,247,247,0,247,0,0,1,true
2024,RUS,188,187,0,187,0,0,0.9946808510638298,true
2024,SC0,205,205,0,205,0,0,1,true
2024,SC1,169,169,0,169,0,0,1,true
2024,SC2,169,169,0,169,0,0,1,true
2024,SC3,172,172,0,172,0,0,1,true
2024,SP1,381,381,0,381,0,0,1,true
2024,SP2,460,460,0,460,0,0,1,true
2024,SUI,176,176,0,176,0,0,1,true
2024,SWE,208,208,0,208,0,0,1,true
2024,T1,336,336,0,336,0,0,1,true
2024,USA,479,479,0,479,0,0,1,true
2025,B1,312,312,0,312,0,0,1,true
2025,D1,306,306,0,306,0,0,1,true
2025,D2,306,306,0,306,0,0,1,true
2025,E0,378,378,0,378,0,0,1,true
2025,E1,552,552,0,552,0,0,1,true
2025,E2,552,552,0,552,0,0,1,true
2025,E3,558,558,0,558,0,0,1,true
2025,EC,294,282,0,282,0,0,0.9591836734693877,true
2025,F1,314,314,0,314,0,0,1,true
2025,F2,315,315,0,315,0,0,1,true
2025,G1,225,225,0,225,0,0,1,true
2025,I1,368,368,0,368,0,0,1,true
2025,I2,360,360,0,360,0,0,1,true
2025,N1,306,306,0,306,0,0,1,true
2025,P1,304,304,0,304,0,0,1,true
2025,SC0,222,222,0,222,0,0,1,true
2025,SC1,182,182,0,182,0,0,1,true
2025,SC2,179,179,0,179,0,0,1,true
2025,SC3,182,182,0,182,0,0,1,true
2025,SP1,370,370,0,370,0,0,1,true
2025,SP2,442,442,0,442,0,0,1,true
2025,T1,341,341,0,341,0,0,1,true
2026,B1,187,187,0,187,0,0,1,true
2026,D1,180,180,0,180,0,0,1,true
2026,D2,180,180,0,180,0,0,1,true
2026,E0,214,214,0,214,0,0,1,true
2026,E1,314,314,0,314,0,0,1,true
2026,E2,332,332,0,332,0,0,1,true
2026,E3,324,324,0,324,0,0,1,true
2026,EC,318,318,0,318,0,0,1,true
2026,F1,181,181,0,181,0,0,1,true
2026,F2,189,189,0,189,0,0,1,true
2026,G1,145,145,0,145,0,0,1,true
2026,I1,234,234,0,234,0,0,1,true
2026,I2,220,220,0,220,0,0,1,true
2026,N1,187,187,0,187,0,0,1,true
2026,P1,197,197,0,197,0,0,1,true
2026,SC0,137,137,0,137,0,0,1,true
2026,SC1,101,101,0,101,0,0,1,true
2026,SC2,110,110,0,110,0,0,1,true
2026,SC3,115,115,0,115,0,0,1,true
2026,SP1,240,240,0,240,0,0,1,true
2026,SP2,286,286,0,286,0,0,1,true
2026,T1,180,180,0,180,0,0,1,true
